order_id,student_id,ts,revenue,n_items,courses,seq,is_repeat
O0001,437,2026-08-04 09:08:31,16840.0,2,ML про + Аналитика старт,1,False
O0002,443,2026-08-04 10:14:38,16950.0,2,Линейная алгебра + Мат анализ,1,False
O0003,430,2026-08-04 13:38:06,8950.0,1,К ВУЗу,1,False
O0004,480,2026-08-04 16:17:19,15695.0,1,Data Science,1,False
O0005,131,2026-08-04 17:05:46,8745.0,1,Backend старт,1,False
O0006,571,2026-08-04 17:19:52,16950.0,2,ML про + ML старт,1,False
O0007,159,2026-08-05 12:56:32,16950.0,2,Backend про + Backend старт,1,False
O0008,126,2026-08-05 13:22:41,8745.0,1,ML старт,1,False
O0009,225,2026-08-05 14:22:34,8745.0,1,АВ тестам,1,False
O0010,137,2026-08-05 15:01:16,8475.0,1,Backend старт,1,False
O0011,280,2026-08-05 16:37:02,8245.0,1,ML старт,1,False
O0012,222,2026-08-05 18:52:56,15950.0,2,Backend про + Backend старт,1,False
O0013,291,2026-08-06 10:06:16,19900.0,2,Линейная алгебра + Мат анализ,1,False
O0014,295,2026-08-06 10:14:55,6950.0,1,К ВУЗу,1,False
O0015,294,2026-08-06 10:39:31,9950.0,1,Линейная алгебра,1,False
O0016,325,2026-08-06 11:41:17,9950.0,1,Линейная алгебра,1,False
O0017,166,2026-08-06 12:15:46,6950.0,1,К ВУЗу,1,False
O0018,477,2026-08-06 14:52:49,500.0,1,Теория вероятностей,1,False
O0019,579,2026-08-06 16:20:47,8245.0,1,ML старт,1,False
O0020,334,2026-08-07 11:16:14,19900.0,2,Линейная алгебра + Мат анализ,1,False
O0021,459,2026-08-07 11:31:08,9950.0,1,Мат анализ,1,False
O0022,313,2026-08-07 11:58:49,9450.0,1,Мат анализ,1,False
O0023,481,2026-08-07 13:09:54,8745.0,1,ML про,1,False
O0024,249,2026-08-07 19:38:55,6950.0,1,К ВУЗу,1,False
O0025,259,2026-08-08 07:59:01,8745.0,1,ML про,1,False
O0026,26,2026-08-08 09:23:01,6490.0,1,Backend старт,1,False
O0027,183,2026-08-08 10:08:11,6490.0,1,Backend старт,1,False
O0028,47,2026-08-08 12:24:55,9990.0,2,ML старт + Алгоритмы старт,1,False
O0029,518,2026-08-08 12:37:37,6490.0,1,Алгоритмы старт,1,False
O0030,54,2026-08-08 12:39:51,6490.0,1,Алгоритмы старт,1,False
O0031,554,2026-08-08 12:44:01,10000.0,2,ML старт + Алгоритмы старт,1,False
O0032,473,2026-08-08 13:57:16,10000.0,1,Алгоритмы,1,False
O0033,308,2026-08-08 14:05:17,9900.0,2,Backend старт + Алгоритмы старт,1,False
O0034,412,2026-08-08 14:06:52,9990.0,2,ML старт + Алгоритмы старт,1,False
O0035,7,2026-08-08 14:07:56,4950.0,1,Backend старт,1,False
O0036,370,2026-08-08 14:10:35,6490.0,1,Backend старт,1,False
O0037,532,2026-08-08 16:22:47,9990.0,2,Аналитика про + Аналитика старт,1,False
O0038,451,2026-08-08 16:24:46,8245.0,1,Backend про,1,False
O0039,265,2026-08-08 16:25:28,5990.0,1,ML старт,1,False
O0040,8,2026-08-08 16:25:39,8990.0,2,АВ тестам + Алгоритмы,1,False
O0041,33,2026-08-08 16:26:36,9990.0,2,Backend старт + Алгоритмы старт,1,False
O0042,512,2026-08-08 16:43:12,4995.0,1,Алгоритмы старт,1,False
O0043,410,2026-08-08 16:51:05,6490.0,1,Backend старт,1,False
O0044,516,2026-08-08 16:59:49,9900.0,2,Алгоритмы старт + Аналитика старт,1,False
O0045,511,2026-08-08 17:29:42,4950.0,1,Аналитика старт,1,False
O0046,256,2026-08-08 17:54:37,5990.0,1,ML старт,1,False
O0047,333,2026-08-08 18:25:13,6490.0,1,Аналитика старт,1,False
O0048,233,2026-08-08 18:51:08,6490.0,1,Аналитика старт,1,False
O0049,427,2026-08-08 19:23:46,9900.0,2,ML старт + Алгоритмы,1,False
O0050,120,2026-08-08 19:28:26,6490.0,1,Аналитика старт,1,False
O0051,469,2026-08-08 19:45:24,4950.0,1,Алгоритмы,1,False
O0052,161,2026-08-08 19:49:42,9990.0,2,Backend старт + Алгоритмы старт,1,False
O0053,320,2026-08-08 19:54:31,9990.0,2,Алгоритмы старт + Аналитика старт,1,False
O0054,135,2026-08-08 20:00:19,9990.0,2,ML старт + Алгоритмы старт,1,False
O0055,73,2026-08-08 20:05:40,4995.0,1,Алгоритмы старт,1,False
O0056,227,2026-08-08 20:08:33,9450.0,2,ML старт + Алгоритмы старт,1,False
O0057,507,2026-08-08 20:12:46,6490.0,1,ML старт,1,False
O0058,421,2026-08-08 20:25:37,9990.0,2,Data Engenering + Алгоритмы,1,False
O0059,401,2026-08-08 22:16:55,8245.0,1,Backend про,1,False
O0060,160,2026-08-09 02:39:44,4995.0,1,Аналитика старт,1,False
O0061,32,2026-08-09 04:36:11,6490.0,1,ML старт,1,False
O0062,415,2026-08-09 04:51:42,4995.0,1,Backend старт,1,False
O0063,167,2026-08-09 09:07:16,9900.0,2,ML старт + Алгоритмы старт,1,False
O0064,262,2026-08-09 09:10:55,6490.0,1,Backend про,1,False
O0065,570,2026-08-09 09:24:57,9990.0,2,Алгоритмы старт + Аналитика старт,1,False
O0066,520,2026-08-09 09:27:27,6490.0,1,Аналитика старт,1,False
O0067,598,2026-08-09 09:43:34,9900.0,2,Backend старт + Алгоритмы,1,False
O0068,279,2026-08-09 09:48:26,6490.0,1,Аналитика старт,1,False
O0069,207,2026-08-09 10:15:38,6490.0,1,Алгоритмы старт,1,False
O0070,457,2026-08-09 10:16:31,6490.0,1,Алгоритмы старт,1,False
O0071,389,2026-08-09 10:18:12,9900.0,2,ML старт + Алгоритмы старт,1,False
O0072,89,2026-08-09 10:44:19,9900.0,1,Алгоритмы,1,False
O0073,232,2026-08-09 10:47:20,6490.0,1,Аналитика старт,1,False
O0074,527,2026-08-09 10:49:47,9900.0,2,ML старт + Алгоритмы старт,1,False
O0075,129,2026-08-09 10:56:45,6490.0,1,Аналитика старт,1,False
O0076,19,2026-08-09 11:01:50,9900.0,2,Алгоритмы старт + Аналитика старт,1,False
O0077,38,2026-08-09 12:15:31,6490.0,1,Аналитика старт,1,False
O0078,206,2026-08-09 13:00:12,9990.0,2,Backend старт + Алгоритмы,1,False
O0079,356,2026-08-09 13:48:05,6950.0,1,Backend старт,1,False
O0080,336,2026-08-09 13:48:41,9900.0,2,ML старт + Алгоритмы старт,1,False
O0081,53,2026-08-09 13:57:35,4950.0,1,ML старт,1,False
O0082,543,2026-08-09 14:01:24,4950.0,1,Алгоритмы старт,1,False
O0083,476,2026-08-09 14:14:07,8900.0,2,ML старт + Алгоритмы старт,1,False
O0084,64,2026-08-09 14:45:05,4995.0,1,Алгоритмы,1,False
O0085,335,2026-08-09 16:07:42,9900.0,2,ML старт + Алгоритмы старт,1,False
O0086,400,2026-08-09 16:12:09,6490.0,1,Алгоритмы старт,1,False
O0087,58,2026-08-09 16:12:46,16390.0,3,Backend старт + ML старт + Алгоритмы старт,1,False
O0088,435,2026-08-09 16:13:53,9900.0,2,Аналитика про + Аналитика старт,1,False
O0089,365,2026-08-09 16:15:08,6490.0,1,ML старт,1,False
O0090,286,2026-08-09 16:16:39,6490.0,1,Аналитика старт,1,False
O0091,96,2026-08-09 16:21:43,6490.0,1,Аналитика старт,1,False
O0092,321,2026-08-09 16:24:15,6490.0,1,ML старт,1,False
O0093,550,2026-08-09 16:24:42,5463.34,1,Алгоритмы старт,1,False
O0094,577,2026-08-09 16:26:30,5463.33,1,Backend старт,1,False
O0095,176,2026-08-09 16:29:58,6490.0,1,Алгоритмы,1,False
O0096,331,2026-08-09 16:31:09,9990.0,2,Алгоритмы старт + Аналитика старт,1,False
O0097,138,2026-08-09 16:33:22,6490.0,1,ML старт,1,False
O0098,40,2026-08-09 16:36:02,6490.0,1,Аналитика старт,1,False
O0099,488,2026-08-09 16:36:09,19350.0,1,Алгоритмы,1,False
O0100,462,2026-08-09 16:45:22,500.0,1,Алгоритмы старт,1,False
O0101,329,2026-08-09 16:51:47,6490.0,1,Алгоритмы старт,1,False
O0102,12,2026-08-09 16:52:01,6490.0,1,Backend старт,1,False
O0103,371,2026-08-09 17:17:09,9900.0,2,ML старт + Алгоритмы старт,1,False
O0104,380,2026-08-09 17:19:11,6490.0,1,ML старт,1,False
O0105,184,2026-08-09 17:20:07,4950.0,1,Алгоритмы старт,1,False
O0106,470,2026-08-09 17:24:05,9900.0,2,ML старт + Алгоритмы,1,False
O0107,319,2026-08-09 17:25:06,4950.0,1,ML старт,1,False
O0108,402,2026-08-09 17:25:40,9990.0,2,ML старт + Алгоритмы старт,1,False
O0109,563,2026-08-09 17:28:24,6490.0,1,Аналитика старт,1,False
O0110,597,2026-08-09 18:00:04,5990.0,1,ML старт,1,False
O0111,589,2026-08-09 18:06:31,5990.0,1,Алгоритмы старт,1,False
O0112,65,2026-08-09 18:45:20,6490.0,1,Аналитика старт,1,False
O0113,103,2026-08-09 18:46:42,6490.0,1,Аналитика старт,1,False
O0114,62,2026-08-09 18:47:09,9990.0,2,Backend старт + Алгоритмы старт,1,False
O0115,187,2026-08-09 18:48:05,8990.0,2,Алгоритмы старт + Аналитика старт,1,False
O0116,369,2026-08-09 18:53:23,4495.0,1,Алгоритмы старт,1,False
O0117,282,2026-08-09 18:55:57,8745.0,1,ML про,1,False
O0118,323,2026-08-09 18:56:09,9990.0,2,Backend старт + Алгоритмы,1,False
O0119,382,2026-08-09 18:58:42,8900.0,2,ML старт + Алгоритмы старт,1,False
O0120,228,2026-08-09 19:02:28,6450.0,1,Data Science,1,False
O0121,84,2026-08-09 19:07:32,6490.0,1,Backend старт,1,False
O0122,374,2026-08-09 19:11:48,6450.0,1,Data Science,1,False
O0123,63,2026-08-09 19:29:08,12900.0,2,Data Engenering + Data Science,1,False
O0124,433,2026-08-09 19:40:37,9900.0,2,ML старт + Алгоритмы старт,1,False
O0125,439,2026-08-09 20:20:29,6490.0,1,Backend старт,1,False
O0126,223,2026-08-09 20:27:29,6490.0,1,Алгоритмы старт,1,False
O0127,508,2026-08-09 21:33:27,9900.0,2,Backend старт + Алгоритмы старт,1,False
O0128,478,2026-08-10 00:13:55,6450.0,1,Data Engenering,1,False
O0129,57,2026-08-10 00:14:10,4950.0,1,ML старт,1,False
O0130,445,2026-08-10 00:36:19,4950.0,1,Аналитика про,1,False
O0131,93,2026-08-10 05:56:12,6950.0,1,К ВУЗу,1,False
O0132,186,2026-08-10 06:13:10,4950.0,1,Алгоритмы старт,1,False
O0133,544,2026-08-10 06:26:01,4995.0,1,Алгоритмы,1,False
O0134,83,2026-08-10 07:52:44,6490.0,1,Аналитика старт,1,False
O0135,152,2026-08-10 08:42:13,6490.0,1,ML старт,1,False
O0136,446,2026-08-10 09:02:50,6950.0,1,Data Engenering,1,False
O0137,106,2026-08-10 10:53:02,9900.0,2,Backend старт + Алгоритмы старт,1,False
O0138,158,2026-08-10 12:37:30,9400.0,2,Backend старт + Алгоритмы,1,False
O0139,164,2026-08-10 13:08:15,8745.0,1,ML старт,1,False
O0140,500,2026-08-10 13:21:01,6490.0,1,Аналитика старт,1,False
O0141,467,2026-08-10 13:55:50,6490.0,1,Аналитика старт,1,False
O0142,217,2026-08-10 14:24:20,6950.0,1,К ВУЗу,1,False
O0143,258,2026-08-10 15:03:03,6490.0,1,Алгоритмы,1,False
O0144,408,2026-08-10 15:22:41,6490.0,1,Аналитика старт,1,False
O0145,584,2026-08-10 15:33:39,6490.0,1,Алгоритмы старт,1,False
O0146,519,2026-08-10 16:09:27,14850.0,3,Алгоритмы старт + Аналитика про + Аналитика старт,1,False
O0147,86,2026-08-10 16:16:30,4950.0,1,Алгоритмы старт,1,False
O0148,21,2026-08-10 16:29:36,9900.0,2,Алгоритмы старт + Аналитика старт,1,False
O0149,16,2026-08-10 16:56:42,9900.0,2,ML старт + Алгоритмы старт,1,False
O0150,67,2026-08-10 18:01:06,6490.0,1,Аналитика старт,1,False
O0151,498,2026-08-10 18:10:53,9000.0,2,Аналитика про + Аналитика старт,1,False
O0152,52,2026-08-10 18:12:59,6450.0,1,К ВУЗу,1,False
O0153,464,2026-08-10 18:30:49,4500.0,1,Аналитика старт,1,False
O0154,606,2026-08-10 18:36:00,6450.0,1,К ВУЗу,1,False
O0155,546,2026-08-10 19:07:51,6490.0,1,Аналитика старт,1,False
O0156,389,2026-08-10 19:12:23,5990.0,1,Аналитика старт,2,True
O0157,588,2026-08-11 02:43:57,6450.0,1,К ВУЗу,1,False
O0158,173,2026-08-11 07:48:36,9900.0,2,ML старт + Алгоритмы старт,1,False
O0159,417,2026-08-11 10:51:54,6950.0,1,К ВУЗу,1,False
O0160,281,2026-08-11 12:02:08,4950.0,1,ML старт,1,False
O0161,339,2026-08-11 12:22:26,6450.0,1,К ВУЗу,1,False
O0162,82,2026-08-11 12:46:14,6490.0,2,Аналитика про + Аналитика старт,1,False
O0163,142,2026-08-11 15:49:13,6490.0,1,Аналитика старт,1,False
O0164,304,2026-08-11 15:52:40,6950.0,1,К ВУЗу,1,False
O0165,311,2026-08-11 16:15:41,9900.0,2,ML старт + Алгоритмы старт,1,False
O0166,453,2026-08-11 17:07:53,4950.0,1,Алгоритмы старт,1,False
O0167,505,2026-08-11 18:00:05,9900.0,2,ML старт + Алгоритмы старт,1,False
O0168,112,2026-08-11 18:41:42,16950.0,2,ML про + ML старт,1,False
O0169,179,2026-08-12 02:06:02,6490.0,1,Аналитика старт,1,False
O0170,537,2026-08-12 04:49:43,9900.0,2,ML старт + Алгоритмы старт,1,False
O0171,46,2026-08-12 05:13:04,6450.0,1,К ВУЗу,1,False
O0172,260,2026-08-12 05:32:11,9900.0,2,Алгоритмы + Алгоритмы про,1,False
O0173,234,2026-08-12 06:04:03,4950.0,1,ML старт,1,False
O0174,332,2026-08-12 06:44:05,9900.0,1,ML старт,1,False
O0175,41,2026-08-12 10:22:39,6500.0,1,ML старт,1,False
O0176,536,2026-08-12 12:22:52,16950.0,2,Аналитика про + Аналитика старт,1,False
O0177,460,2026-08-12 13:12:40,8745.0,1,Аналитика старт,1,False
O0178,388,2026-08-12 13:28:18,7000.0,1,ML старт,1,False
O0179,521,2026-08-12 14:21:51,6450.0,1,К ВУЗу,1,False
O0180,586,2026-08-12 17:45:53,8745.0,1,Аналитика старт,1,False
O0181,170,2026-08-12 17:51:00,6000.0,1,ML старт,1,False
O0182,348,2026-08-12 19:17:21,6950.0,1,К ВУЗу,1,False
O0183,364,2026-08-13 00:01:02,8475.0,1,Аналитика про,1,False
O0184,66,2026-08-13 05:36:55,8745.0,1,Алгоритмы старт,1,False
O0185,426,2026-08-13 09:26:22,6000.0,1,ML старт,1,False
O0186,342,2026-08-13 09:48:34,9950.0,1,Теория вероятностей,1,False
O0187,275,2026-08-13 09:51:23,8745.0,1,Алгоритмы старт,1,False
O0188,132,2026-08-13 11:39:13,8745.0,1,Аналитика про,1,False
O0189,175,2026-08-13 16:14:01,9950.0,1,Теория вероятностей,1,False
O0190,153,2026-08-13 18:30:59,5750.0,1,Алгоритмы,1,False
O0191,208,2026-08-13 19:25:17,6450.0,1,К ВУЗу,1,False
O0192,79,2026-08-14 04:09:52,9950.0,1,Теория вероятностей,1,False
O0193,229,2026-08-14 04:19:44,9950.0,1,Теория вероятностей,1,False
O0194,474,2026-08-14 07:16:32,6950.0,1,К ВУЗу,1,False
O0195,45,2026-08-14 10:04:52,5750.0,1,Алгоритмы,1,False
O0196,442,2026-08-14 11:21:45,6950.0,1,К ВУЗу,1,False
O0197,316,2026-08-14 12:59:02,4495.0,1,АВ тестам,1,False
O0198,448,2026-08-14 14:23:30,16950.0,2,ML про + ML старт,1,False
O0199,391,2026-08-14 18:55:11,8745.0,1,Алгоритмы старт,1,False
O0200,420,2026-08-14 20:17:00,6950.0,1,К ВУЗу,1,False
O0201,276,2026-08-15 12:43:23,5750.0,2,ML старт + Алгоритмы старт,1,False
O0202,162,2026-08-15 12:51:04,6950.0,1,К ВУЗу,1,False
O0203,130,2026-08-15 14:59:16,9950.0,1,Алгоритмы,1,False
O0204,482,2026-08-15 16:30:16,16950.0,2,ML старт + Алгоритмы,1,False
O0205,484,2026-08-15 19:17:47,8745.0,1,Аналитика старт,1,False
O0206,564,2026-08-16 04:38:14,8745.0,1,Аналитика старт,1,False
O0207,479,2026-08-16 09:40:02,8745.0,1,Аналитика старт,1,False
O0208,441,2026-08-16 09:40:30,8745.0,1,Алгоритмы старт,1,False
O0209,133,2026-08-16 09:59:37,9900.0,2,Аналитика про + Аналитика старт,1,False
O0210,143,2026-08-16 13:21:36,6950.0,1,К ВУЗу,1,False
O0211,361,2026-08-17 10:53:42,17490.0,2,ML старт + Алгоритмы старт,1,False
O0212,522,2026-08-17 16:24:17,6950.0,1,К ВУЗу,1,False
O0213,562,2026-08-17 22:34:23,8745.0,1,ML старт,1,False
O0214,346,2026-08-18 10:15:05,8745.0,1,ML старт,1,False
O0215,477,2026-08-18 15:06:11,9450.0,1,Линейная алгебра,2,True
O0216,603,2026-08-18 16:34:39,8745.0,1,Аналитика старт,1,False
O0217,75,2026-08-18 18:53:33,16950.0,2,Аналитика про + Аналитика старт,1,False
O0218,70,2026-08-18 19:10:04,8475.0,1,Аналитика старт,1,False
O0219,413,2026-08-18 19:40:47,8745.0,1,Аналитика старт,1,False
O0220,468,2026-08-19 07:10:12,9450.0,1,Линейная алгебра,1,False
O0221,287,2026-08-19 07:46:07,6950.0,1,Data Science,1,False
O0222,575,2026-08-19 09:21:46,24735.0,3,Алгоритмы старт + Аналитика про + Аналитика старт,1,False
O0223,386,2026-08-19 13:53:46,7000.0,1,Backend про,1,False
O0224,592,2026-08-19 20:38:02,8245.0,1,Алгоритмы старт,1,False
O0225,351,2026-08-20 11:12:25,9450.0,1,Линейная алгебра,1,False
O0226,392,2026-08-20 13:14:17,8745.0,1,Аналитика старт,1,False
O0227,501,2026-08-20 14:06:32,8745.0,1,ML старт,1,False
O0228,492,2026-08-20 14:21:52,9950.0,1,Теория вероятностей,1,False
O0229,146,2026-08-20 16:27:30,6950.0,1,К ВУЗу,1,False
O0230,101,2026-08-20 17:34:00,8745.0,1,Алгоритмы старт,1,False
O0231,199,2026-08-21 09:02:18,9950.0,1,Мат анализ,1,False
O0232,578,2026-08-21 12:29:55,8245.0,1,Аналитика про,1,False
O0233,92,2026-08-21 15:14:39,9950.0,1,Линейная алгебра,1,False
O0234,69,2026-08-22 04:22:43,6950.0,1,К ВУЗу,1,False
O0235,437,2026-08-22 08:23:59,8950.0,1,AI агенты,2,True
O0236,218,2026-08-22 09:03:23,16950.0,2,Backend про + Алгоритмы про,1,False
O0237,156,2026-08-22 10:54:14,14950.0,2,Алгоритмы про + Алгоритмы старт,1,False
O0238,211,2026-08-22 11:08:24,14950.0,2,AI агенты + ML про,1,False
O0239,370,2026-08-22 11:14:12,5750.0,1,Backend про,2,True
O0240,277,2026-08-22 11:24:53,5750.0,1,Backend про,1,False
O0241,293,2026-08-22 11:35:35,8950.0,1,Backend про,1,False
O0242,353,2026-08-22 11:39:22,8950.0,1,Аналитика старт,1,False
O0243,458,2026-08-22 11:58:37,8450.0,1,Backend про,1,False
O0244,87,2026-08-22 13:23:20,7475.0,1,Алгоритмы про,1,False
O0245,248,2026-08-22 13:43:42,7475.0,1,ML про,1,False
O0246,496,2026-08-22 15:01:37,8950.0,1,ML старт,1,False
O0247,372,2026-08-22 15:11:44,7450.0,1,AI агенты,1,False
O0248,525,2026-08-22 15:39:49,8950.0,1,Аналитика старт,1,False
O0249,600,2026-08-22 15:48:13,7450.0,1,AI агенты,1,False
O0250,485,2026-08-22 16:02:00,8450.0,1,Аналитика про,1,False
O0251,5,2026-08-22 16:19:00,5750.0,1,ML про,1,False
O0252,595,2026-08-22 16:55:59,14950.0,2,AI агенты + ML про,1,False
O0253,17,2026-08-22 17:01:20,9950.0,1,Алгоритмы,1,False
O0254,297,2026-08-22 17:26:07,8450.0,1,Алгоритмы,1,False
O0255,240,2026-08-22 18:00:15,6450.0,1,Алгоритмы про,1,False
O0256,373,2026-08-22 18:58:36,14950.0,2,Алгоритмы про + Алгоритмы старт,1,False
O0257,220,2026-08-22 19:19:35,9950.0,1,Линейная алгебра,1,False
O0258,200,2026-08-22 19:40:16,14950.0,2,Аналитика про + Аналитика старт,1,False
O0259,263,2026-08-22 19:53:10,8950.0,1,ML про,1,False
O0260,559,2026-08-23 04:11:37,8450.0,1,Алгоритмы,1,False
O0261,338,2026-08-23 06:47:37,14950.0,2,Аналитика про + Аналитика старт,1,False
O0262,209,2026-08-23 06:58:29,8950.0,1,Backend про,1,False
O0263,221,2026-08-23 07:41:37,14950.0,2,Аналитика про + Аналитика старт,1,False
O0264,118,2026-08-23 08:24:45,8450.0,1,Backend про,1,False
O0265,514,2026-08-23 09:48:08,8950.0,1,ML старт,1,False
O0266,312,2026-08-23 09:59:13,7475.0,1,Аналитика про,1,False
O0267,30,2026-08-23 10:06:51,8950.0,1,ML про,1,False
O0268,581,2026-08-23 11:19:47,8950.0,1,ML про,1,False
O0269,341,2026-08-23 11:59:04,8950.0,1,ML про,1,False
O0270,237,2026-08-23 13:29:45,8950.0,1,AI агенты,1,False
O0271,447,2026-08-23 13:46:56,8450.0,1,Backend про,1,False
O0272,98,2026-08-23 14:14:48,14950.0,2,Аналитика про + Аналитика старт,1,False
O0273,580,2026-08-23 14:38:29,8950.0,1,AI агенты,1,False
O0274,71,2026-08-23 14:57:08,8450.0,1,Алгоритмы,1,False
O0275,436,2026-08-23 15:04:52,8450.0,1,Алгоритмы про,1,False
O0276,229,2026-08-23 15:38:51,8450.0,1,AI агенты,2,True
O0277,307,2026-08-23 15:39:57,8450.0,1,Аналитика про,1,False
O0278,235,2026-08-23 16:04:24,8450.0,1,AI агенты,1,False
O0279,430,2026-08-23 16:17:56,8000.0,1,К ВУЗу,2,True
O0280,172,2026-08-23 16:29:57,8950.0,1,AI агенты,1,False
O0281,315,2026-08-23 16:40:25,14950.0,2,AI агенты + Backend про,1,False
O0282,149,2026-08-23 16:50:14,8950.0,1,ML про,1,False
O0283,290,2026-08-23 16:53:02,7475.0,1,Аналитика старт,1,False
O0284,557,2026-08-23 16:56:11,8950.0,1,ML про,1,False
O0285,513,2026-08-23 17:34:10,13950.0,2,AI агенты + Алгоритмы про,1,False
O0286,424,2026-08-23 17:45:31,14950.0,2,AI агенты + Аналитика про,1,False
O0287,216,2026-08-23 18:13:18,7475.0,1,AI агенты,1,False
O0288,367,2026-08-23 18:18:15,8245.0,1,Аналитика старт,1,False
O0289,542,2026-08-23 18:26:56,8950.0,1,Backend старт,1,False
O0290,107,2026-08-23 18:28:17,13950.0,2,AI агенты + Аналитика про,1,False
O0291,298,2026-08-23 18:48:14,6975.0,1,Аналитика про,1,False
O0292,95,2026-08-23 19:08:11,14950.0,2,AI агенты + Аналитика про,1,False
O0293,203,2026-08-23 20:42:20,14950.0,2,AI агенты + Аналитика про,1,False
O0294,539,2026-08-23 20:55:41,8950.0,1,AI агенты,1,False
O0295,257,2026-08-23 20:56:06,8450.0,1,Backend про,1,False
O0296,360,2026-08-23 20:57:22,8950.0,1,AI агенты,1,False
O0297,213,2026-08-23 20:58:38,8950.0,1,Аналитика про,1,False
O0298,104,2026-08-23 21:00:30,14950.0,2,AI агенты + ML про,1,False
O0299,91,2026-08-24 00:44:40,8950.0,1,ML старт,1,False
O0300,357,2026-08-24 02:46:33,9950.0,1,Теория вероятностей,1,False
O0301,440,2026-08-24 03:20:05,7475.0,1,ML про,1,False
O0302,215,2026-08-24 03:22:36,6975.0,1,Алгоритмы про,1,False
O0303,549,2026-08-24 05:25:17,16445.0,2,AI агенты + Backend про,1,False
O0304,425,2026-08-24 07:03:39,8503.0,1,AI агенты,1,False
O0305,489,2026-08-24 08:47:25,8850.0,1,ML старт,1,False
O0306,243,2026-08-24 10:40:35,8950.0,1,AI агенты,1,False
O0307,268,2026-08-24 12:52:49,8950.0,1,AI агенты,1,False
O0308,529,2026-08-24 13:11:03,14950.0,2,Алгоритмы про + Алгоритмы старт,1,False
O0309,368,2026-08-24 14:21:10,8950.0,1,Аналитика про,1,False
O0310,141,2026-08-24 14:48:12,7475.0,1,Алгоритмы старт,1,False
O0311,192,2026-08-24 15:05:04,14950.0,2,AI агенты + ML про,1,False
O0312,475,2026-08-24 15:16:31,9950.0,1,Линейная алгебра,1,False
O0313,85,2026-08-24 15:57:32,8950.0,1,Аналитика про,1,False
O0314,194,2026-08-24 16:25:21,8950.0,1,Алгоритмы старт,1,False
O0315,111,2026-08-24 16:49:26,8950.0,1,Аналитика про,1,False
O0316,299,2026-08-24 16:58:19,8950.0,1,Аналитика про,1,False
O0317,201,2026-08-24 17:28:20,6950.0,1,Data Science,1,False
O0318,263,2026-08-25 03:19:38,6000.0,1,AI агенты,2,True
O0319,583,2026-08-25 04:27:38,8950.0,1,AI агенты,1,False
O0320,168,2026-08-25 06:26:04,14950.0,2,AI агенты + ML про,1,False
O0321,165,2026-08-25 07:21:38,8450.0,1,Аналитика про,1,False
O0322,455,2026-08-25 07:53:50,8950.0,1,Backend старт,1,False
O0323,148,2026-08-25 09:49:25,7475.0,1,AI агенты,1,False
O0324,116,2026-08-25 10:01:02,14950.0,2,АВ тестам + Аналитика про,1,False
O0325,121,2026-08-25 11:38:56,8950.0,1,AI агенты,1,False
O0326,138,2026-08-25 12:39:08,5750.0,1,ML про,2,True
O0327,463,2026-08-25 13:16:31,8950.0,1,ML про,1,False
O0328,560,2026-08-25 14:09:51,8950.0,1,AI агенты,1,False
O0329,140,2026-08-25 16:01:50,8450.0,1,Аналитика старт,1,False
O0330,202,2026-08-25 19:24:14,14950.0,2,AI агенты + Backend про,1,False
O0331,452,2026-08-25 21:09:34,8450.0,1,AI агенты,1,False
O0332,269,2026-08-25 22:26:03,7475.0,1,Backend про,1,False
O0333,163,2026-08-26 01:23:32,8450.0,1,AI агенты,1,False
O0334,418,2026-08-26 04:03:43,14950.0,2,Backend про + Backend старт,1,False
O0335,552,2026-08-26 04:37:12,7475.0,1,Аналитика про,1,False
O0336,605,2026-08-26 07:26:53,8950.0,1,Алгоритмы про,1,False
O0337,178,2026-08-26 09:15:13,8950.0,1,AI агенты,1,False
O0338,599,2026-08-26 12:25:10,8950.0,1,Аналитика старт,1,False
O0339,466,2026-08-26 13:56:39,8950.0,1,ML про,1,False
O0340,255,2026-08-26 14:52:53,8950.0,1,ML старт,1,False
O0341,587,2026-08-26 21:47:21,8450.0,1,AI агенты,1,False
O0342,136,2026-08-27 08:57:04,14950.0,2,AI агенты + Backend про,1,False
O0343,506,2026-08-27 12:29:06,8950.0,1,AI агенты,1,False
O0344,526,2026-08-27 13:32:56,8950.0,1,AI агенты,1,False
O0345,185,2026-08-27 14:36:47,13950.0,2,AI агенты + ML про,1,False
O0346,568,2026-08-27 15:10:07,14950.0,2,ML старт + Аналитика про,1,False
O0347,191,2026-08-27 15:11:14,29850.0,4,AI агенты + Алгоритмы + Мат анализ + Теория вероятностей,1,False
O0348,39,2026-08-27 17:02:28,9950.0,1,Мат анализ,1,False
O0349,61,2026-08-27 19:44:33,13950.0,2,ML про + ML старт,1,False
O0350,11,2026-08-27 20:09:27,6975.0,1,ML старт,1,False
O0351,122,2026-08-27 20:55:44,14950.0,2,ML про + ML старт,1,False
O0352,177,2026-08-28 10:47:56,8950.0,1,Аналитика старт,1,False
O0353,219,2026-08-28 13:23:53,9950.0,1,Мат анализ,1,False
O0354,322,2026-08-28 14:03:47,14950.0,2,ML про + Алгоритмы старт,1,False
O0355,289,2026-08-28 16:24:51,8950.0,1,AI агенты,1,False
O0356,29,2026-08-28 18:20:56,8450.0,1,Backend старт,1,False
O0357,314,2026-08-28 18:44:36,8950.0,1,Аналитика старт,1,False
O0358,236,2026-08-29 05:27:29,7475.0,1,ML про,1,False
O0359,340,2026-08-29 09:29:52,11950.0,2,АВ тестам + Аналитика старт,1,False
O0360,393,2026-08-29 09:45:18,9450.0,1,Мат анализ,1,False
O0361,144,2026-08-29 11:51:08,8950.0,2,Аналитика про + Аналитика старт,1,False
O0362,242,2026-08-29 13:44:52,8950.0,1,ML про,1,False
O0363,27,2026-08-29 14:47:39,8950.0,1,ML про,1,False
O0364,99,2026-08-29 19:35:36,8450.0,1,AI агенты,1,False
O0365,483,2026-08-29 19:38:52,8450.0,1,AI агенты,1,False
O0366,432,2026-08-29 19:39:58,17495.0,2,AI агенты + Backend про,1,False
O0367,585,2026-08-29 19:40:39,13950.0,2,AI агенты + ML про,1,False
O0368,285,2026-08-30 08:22:49,13950.0,2,AI агенты + ML про,1,False
O0369,535,2026-08-30 08:24:30,14950.0,2,Backend старт + Алгоритмы старт,1,False
O0370,573,2026-08-30 09:39:42,8950.0,1,AI агенты,1,False
O0371,531,2026-08-30 10:04:17,8950.0,1,Backend старт,1,False
O0372,411,2026-08-30 11:21:33,8545.0,1,AI агенты,1,False
O0373,284,2026-08-30 11:56:49,6975.0,1,ML про,1,False
O0374,534,2026-08-30 12:55:04,8450.0,1,AI агенты,1,False
O0375,145,2026-08-30 13:06:05,8950.0,1,Аналитика про,1,False
O0376,81,2026-08-30 13:44:26,8450.0,1,AI агенты,1,False
O0377,76,2026-08-30 14:48:44,13950.0,2,Алгоритмы про + Аналитика про,1,False
O0378,565,2026-08-30 15:30:24,13950.0,2,Алгоритмы про + Алгоритмы старт,1,False
O0379,437,2026-08-30 16:16:42,1000.0,1,AI агенты,3,True
O0380,253,2026-08-30 17:04:49,8950.0,1,AI агенты,1,False
O0381,241,2026-08-30 17:07:59,8950.0,1,Backend старт,1,False
O0382,25,2026-08-30 18:34:15,8450.0,1,ML про,1,False
O0383,566,2026-08-30 18:45:42,8450.0,1,ML про,1,False
O0384,274,2026-08-30 23:37:30,6975.0,1,Аналитика про,1,False
O0385,14,2026-08-30 23:52:21,8950.0,1,AI агенты,1,False
O0386,90,2026-08-31 01:05:18,6975.0,1,Алгоритмы старт,1,False
O0387,538,2026-08-31 06:14:52,14950.0,2,Backend старт + Алгоритмы старт,1,False
O0388,157,2026-08-31 06:39:53,14950.0,2,AI агенты + ML про,1,False
O0389,134,2026-08-31 08:06:47,6975.0,1,Алгоритмы про,1,False
O0390,267,2026-08-31 08:26:17,8950.0,1,Аналитика про,1,False
O0391,387,2026-08-31 09:09:41,8545.0,1,AI агенты,1,False
O0392,403,2026-08-31 10:18:44,8950.0,1,Backend про,1,False
O0393,497,2026-08-31 12:11:14,8950.0,1,Backend про,1,False
O0394,26,2026-08-31 14:03:44,17950.0,2,Backend про + Дискретка,2,True
O0395,503,2026-08-31 14:40:32,14943.0,2,Аналитика про + Аналитика старт,1,False
O0396,4,2026-08-31 15:42:34,8950.0,1,AI агенты,1,False
O0397,599,2026-08-31 16:05:26,8950.0,1,Аналитика про,2,True
O0398,305,2026-08-31 17:03:19,14950.0,2,Алгоритмы про + Алгоритмы старт,1,False
O0399,239,2026-08-31 17:06:09,8450.0,1,Аналитика про,1,False
O0400,77,2026-08-31 17:54:30,8450.0,1,Аналитика про,1,False
O0401,171,2026-08-31 18:20:33,8950.0,1,Аналитика про,1,False
O0402,272,2026-08-31 18:34:40,8950.0,1,Аналитика про,1,False
O0403,324,2026-08-31 19:22:31,8450.0,1,AI агенты,1,False
O0404,301,2026-08-31 20:57:15,17950.0,2,ML старт + Аналитика старт,1,False
O0405,390,2026-09-01 02:23:30,8975.0,1,Аналитика старт,1,False
O0406,189,2026-09-01 07:49:46,8945.0,1,Аналитика старт,1,False
O0407,495,2026-09-01 10:30:21,14950.0,2,ML про + ML старт,1,False
O0408,296,2026-09-01 10:46:43,8950.0,1,Аналитика старт,1,False
O0409,195,2026-09-01 10:54:53,8450.0,1,AI агенты,1,False
O0410,524,2026-09-01 11:54:01,8945.0,1,Аналитика про,1,False
O0411,423,2026-09-01 12:44:58,7475.0,1,ML про,1,False
O0412,115,2026-09-01 13:09:50,8945.0,1,Аналитика про,1,False
O0413,247,2026-09-01 14:59:35,14950.0,2,ML про + ML старт,1,False
O0414,144,2026-09-01 15:30:39,8950.0,1,Аналитика про,2,True
O0415,547,2026-09-01 15:53:22,14950.0,2,Backend про + Алгоритмы про,1,False
O0416,226,2026-09-01 17:03:44,7475.0,1,ML старт,1,False
O0417,34,2026-09-01 17:23:37,8945.0,1,Аналитика про,1,False
O0418,231,2026-09-01 18:08:01,41225.0,5,Алгоритмы + Дискретка + Линейная алгебра + Мат анализ + Теория вероятностей,1,False
O0419,181,2026-09-01 18:44:37,8950.0,1,Аналитика про,1,False
O0420,343,2026-09-01 19:07:54,8950.0,1,ML старт,1,False
O0421,114,2026-09-01 19:16:56,13950.0,2,AI агенты + ML про,1,False
O0422,88,2026-09-01 19:27:16,8950.0,1,AI агенты,1,False
O0423,139,2026-09-01 20:30:07,13950.0,2,AI агенты + ML старт,1,False
O0424,37,2026-09-02 04:13:14,5750.0,1,Backend про,1,False
O0425,558,2026-09-02 08:49:58,8245.0,1,Линейная алгебра,1,False
O0426,288,2026-09-02 08:57:12,8945.0,1,Аналитика про,1,False
O0427,486,2026-09-02 09:28:52,8950.0,1,Backend про,1,False
O0428,555,2026-09-02 09:38:46,14950.0,2,Алгоритмы про + Алгоритмы старт,1,False
O0429,551,2026-09-02 09:58:19,8950.0,1,Backend про,1,False
O0430,419,2026-09-02 10:06:52,14950.0,2,ML про + Алгоритмы про,1,False
O0431,182,2026-09-02 10:14:11,8950.0,1,Backend про,1,False
O0432,244,2026-09-02 10:24:40,8950.0,1,Алгоритмы старт,1,False
O0433,50,2026-09-02 10:32:55,8950.0,1,Алгоритмы старт,1,False
O0434,541,2026-09-02 10:48:17,14950.0,2,Алгоритмы старт + Аналитика старт,1,False
O0435,523,2026-09-02 11:00:48,8450.0,1,Backend про,1,False
O0436,266,2026-09-02 11:33:22,10000.0,1,Мат анализ,1,False
O0437,128,2026-09-02 11:55:47,8945.0,1,Аналитика про,1,False
O0438,385,2026-09-02 14:17:34,11950.0,2,АВ тестам + Аналитика старт,1,False
O0439,355,2026-09-02 14:30:26,8450.0,1,Backend про,1,False
O0440,572,2026-09-02 14:54:22,8945.0,1,Аналитика про,1,False
O0441,422,2026-09-02 15:30:05,9450.0,1,Теория вероятностей,1,False
O0442,493,2026-09-02 16:44:53,9950.0,1,Линейная алгебра,1,False
O0443,264,2026-09-02 18:37:57,8450.0,2,Backend про + Алгоритмы,1,False
O0444,6,2026-09-02 19:16:28,8450.0,1,Аналитика про,1,False
O0445,404,2026-09-02 19:30:00,7475.0,1,Алгоритмы про,1,False
O0446,35,2026-09-02 22:38:59,4225.0,1,Backend про,1,False
O0447,450,2026-09-03 06:06:37,8950.0,1,Backend про,1,False
O0448,504,2026-09-03 06:27:49,5975.0,1,Аналитика старт,1,False
O0449,273,2026-09-03 08:17:51,8950.0,1,ML про,1,False
O0450,508,2026-09-03 08:29:32,5750.0,1,Backend про,2,True
O0451,395,2026-09-03 11:18:32,8950.0,1,ML про,1,False
O0452,271,2026-09-03 12:55:50,14950.0,2,ML про + Алгоритмы про,1,False
O0453,9,2026-09-03 14:55:45,8950.0,1,Аналитика про,1,False
O0454,205,2026-09-03 15:01:50,8950.0,1,Аналитика про,1,False
O0455,230,2026-09-03 15:07:18,8950.0,1,Аналитика про,1,False
O0456,330,2026-09-03 15:10:16,14950.0,2,Аналитика про + Аналитика старт,1,False
O0457,376,2026-09-03 15:43:04,6950.0,1,К ВУЗу,1,False
O0458,352,2026-09-03 16:22:06,8450.0,1,Алгоритмы про,1,False
O0459,345,2026-09-03 16:33:15,8950.0,1,Аналитика про,1,False
O0460,252,2026-09-03 16:36:15,8950.0,1,Backend про,1,False
O0461,318,2026-09-03 17:23:38,8450.0,1,Аналитика про,1,False
O0462,402,2026-09-03 17:30:08,8450.0,1,ML про,2,True
O0463,594,2026-09-03 18:16:38,5000.0,1,AI агенты,1,False
O0464,561,2026-09-03 18:55:28,18900.0,1,Теория вероятностей,1,False
O0465,409,2026-09-03 21:58:56,5000.0,1,AI агенты,1,False
O0466,3,2026-09-03 22:47:02,5975.0,1,АВ тестам,1,False
O0467,601,2026-09-04 04:51:49,22425.0,3,AI агенты + ML про + ML старт,1,False
O0468,363,2026-09-04 06:28:52,8945.0,1,Backend про,1,False
O0469,124,2026-09-04 06:34:32,9950.0,1,Линейная алгебра,1,False
O0470,490,2026-09-04 10:01:44,8450.0,1,AI агенты,1,False
O0471,326,2026-09-04 10:55:46,14950.0,2,Аналитика про + Аналитика старт,1,False
O0472,590,2026-09-04 11:04:11,8945.0,1,Backend про,1,False
O0473,379,2026-09-04 11:44:55,7475.0,1,Аналитика про,1,False
O0474,317,2026-09-04 13:16:14,8950.0,1,Аналитика про,1,False
O0475,354,2026-09-04 13:47:25,8245.0,1,Дискретка,1,False
O0476,383,2026-09-04 14:11:02,8950.0,1,Аналитика про,1,False
O0477,375,2026-09-04 14:19:28,7000.0,1,Алгоритмы про,1,False
O0478,582,2026-09-04 15:03:52,8950.0,1,Аналитика старт,1,False
O0479,378,2026-09-04 15:08:47,8950.0,1,Аналитика про,1,False
O0480,28,2026-09-04 15:15:34,14950.0,2,Аналитика про + Аналитика старт,1,False
O0481,302,2026-09-04 15:20:47,7475.0,1,Аналитика про,1,False
O0482,303,2026-09-04 15:21:52,14950.0,2,ML про + ML старт,1,False
O0483,15,2026-09-04 15:26:00,8450.0,1,Аналитика про,1,False
O0484,197,2026-09-04 15:39:31,14950.0,2,AI агенты + Backend про,1,False
O0485,574,2026-09-04 16:29:01,7475.0,1,ML про,1,False
O0486,198,2026-09-04 16:44:57,7475.0,1,Аналитика старт,1,False
O0487,576,2026-09-04 17:26:34,7475.0,1,ML старт,1,False
O0488,471,2026-09-04 18:12:51,9950.0,1,Линейная алгебра,1,False
O0489,428,2026-09-04 18:33:44,17900.0,2,ML про + ML старт,1,False
O0490,94,2026-09-04 18:49:47,8950.0,1,Backend про,1,False
O0491,1,2026-09-04 19:30:57,8950.0,1,Аналитика старт,1,False
O0492,384,2026-09-04 20:38:50,8450.0,1,Аналитика про,1,False
O0493,43,2026-09-05 07:16:30,12950.0,2,АВ тестам + Аналитика старт,1,False
O0494,309,2026-09-05 09:55:40,8950.0,1,ML про,1,False
O0495,502,2026-09-05 10:11:25,8450.0,1,ML про,1,False
O0496,591,2026-09-05 10:13:46,8450.0,1,AI агенты,1,False
O0497,394,2026-09-05 10:17:43,8950.0,1,Алгоритмы про,1,False
O0498,155,2026-09-05 10:20:56,21950.0,3,Backend про + Backend старт + Алгоритмы старт,1,False
O0499,533,2026-09-05 10:24:14,8450.0,1,AI агенты,1,False
O0500,510,2026-09-05 10:34:42,8950.0,1,AI агенты,1,False
O0501,328,2026-09-05 10:58:26,14950.0,2,ML про + Аналитика про,1,False
O0502,31,2026-09-05 11:00:21,7475.0,1,ML про,1,False
O0503,397,2026-09-05 11:02:15,8950.0,1,Аналитика старт,1,False
O0504,487,2026-09-05 11:02:17,14950.0,2,ML про + ML старт,1,False
O0505,515,2026-09-05 12:09:36,8450.0,1,Аналитика про,1,False
O0506,117,2026-09-05 12:34:35,8450.0,1,Аналитика про,1,False
O0507,517,2026-09-05 12:48:03,8950.0,1,Аналитика про,1,False
O0508,238,2026-09-05 13:28:56,8950.0,1,Backend про,1,False
O0509,406,2026-09-05 13:55:08,8450.0,1,ML про,1,False
O0510,270,2026-09-05 14:08:51,8950.0,1,Аналитика про,1,False
O0511,48,2026-09-05 14:24:29,8950.0,1,Backend про,1,False
O0512,405,2026-09-05 14:29:26,8950.0,1,Backend старт,1,False
O0513,18,2026-09-05 14:29:29,8950.0,1,Алгоритмы про,1,False
O0514,362,2026-09-05 14:52:23,8450.0,1,ML про,1,False
O0515,250,2026-09-05 14:54:24,14950.0,2,Backend про + Backend старт,1,False
O0516,540,2026-09-05 14:57:41,8950.0,1,Аналитика про,1,False
O0517,461,2026-09-05 15:01:05,14950.0,2,Аналитика про + Аналитика старт,1,False
O0518,556,2026-09-05 15:17:14,7475.0,1,Аналитика про,1,False
O0519,431,2026-09-05 15:28:29,8950.0,1,Алгоритмы старт,1,False
O0520,169,2026-09-05 15:47:16,8950.0,1,Аналитика про,1,False
O0521,245,2026-09-05 15:54:58,8950.0,1,Backend про,1,False
O0522,2,2026-09-05 16:22:48,8950.0,1,ML про,1,False
O0523,414,2026-09-05 16:25:16,8950.0,1,ML про,1,False
O0524,596,2026-09-05 16:26:36,8950.0,1,ML про,1,False
O0525,67,2026-09-05 17:04:40,8950.0,1,ML про,2,True
O0526,210,2026-09-05 17:12:38,7475.0,1,Аналитика старт,1,False
O0527,127,2026-09-05 17:27:41,8950.0,1,ML про,1,False
O0528,602,2026-09-05 17:42:39,8450.0,1,Backend про,1,False
O0529,109,2026-09-05 17:57:36,8950.0,1,ML про,1,False
O0530,398,2026-09-05 18:06:36,8950.0,1,ML про,1,False
O0531,350,2026-09-05 18:12:55,8450.0,1,Аналитика про,1,False
O0532,24,2026-09-05 18:23:21,8950.0,1,ML про,1,False
O0533,553,2026-09-05 18:27:14,8950.0,1,ML про,1,False
O0534,174,2026-09-05 18:41:16,14950.0,2,ML про + Алгоритмы про,1,False
O0535,494,2026-09-05 19:15:54,8959.0,1,Алгоритмы про,1,False
O0536,377,2026-09-05 19:24:12,14950.0,2,Аналитика про + Аналитика старт,1,False
O0537,60,2026-09-05 19:44:33,8950.0,1,ML про,1,False
O0538,545,2026-09-05 19:45:17,8950.0,1,ML про,1,False
O0539,147,2026-09-05 19:46:01,14950.0,2,ML про + ML старт,1,False
O0540,416,2026-09-05 21:19:33,13950.0,2,Backend про + ML про,1,False
O0541,188,2026-09-06 01:03:43,6975.0,1,Backend про,1,False
O0542,569,2026-09-06 08:00:03,8950.0,1,Backend про,1,False
O0543,74,2026-09-06 10:34:28,8450.0,1,AI агенты,1,False
O0544,20,2026-09-06 11:07:00,14950.0,2,Аналитика про + Аналитика старт,1,False
O0545,151,2026-09-06 11:31:11,7475.0,1,Аналитика про,1,False
O0546,42,2026-09-06 11:42:46,8450.0,1,ML про,1,False
O0547,193,2026-09-06 11:49:34,8450.0,1,AI агенты,1,False
O0548,105,2026-09-06 11:55:22,8950.0,1,Аналитика про,1,False
O0549,275,2026-09-06 11:58:58,13950.0,2,AI агенты + ML про,2,True
O0550,56,2026-09-06 12:12:33,7475.0,1,Backend старт,1,False
O0551,44,2026-09-06 12:29:18,6975.0,1,AI агенты,1,False
O0552,327,2026-09-06 12:45:38,8950.0,1,AI агенты,1,False
O0553,292,2026-09-06 12:59:39,6975.0,1,ML про,1,False
O0554,150,2026-09-06 13:11:45,8950.0,1,Backend про,1,False
O0555,59,2026-09-06 13:32:21,8950.0,1,ML про,1,False
O0556,154,2026-09-06 13:40:03,8950.0,1,Алгоритмы про,1,False
O0557,472,2026-09-06 13:45:12,8950.0,1,ML про,1,False
O0558,601,2026-09-06 14:28:33,13950.0,2,Аналитика про + Аналитика старт,2,True
O0559,22,2026-09-06 14:41:56,8450.0,1,ML про,1,False
O0560,344,2026-09-06 14:48:52,8950.0,1,AI агенты,1,False
O0561,49,2026-09-06 14:51:02,14950.0,2,AI агенты + Backend про,1,False
O0562,113,2026-09-06 15:14:57,8950.0,1,Аналитика про,1,False
O0563,366,2026-09-06 15:18:37,8950.0,4,AI агенты + ML про + ML старт + Алгоритмы старт,1,False
O0564,434,2026-09-06 15:23:19,8450.0,1,Backend про,1,False
O0565,55,2026-09-06 15:35:13,2237.5,1,AI агенты,1,False
O0566,23,2026-09-06 15:39:44,2237.5,1,ML старт,1,False
O0567,51,2026-09-06 15:46:24,2237.5,1,ML про,1,False
O0568,261,2026-09-06 16:06:04,8950.0,1,AI агенты,1,False
O0569,306,2026-09-06 16:18:59,8950.0,1,ML старт,1,False
O0570,180,2026-09-06 16:23:30,2237.5,1,Алгоритмы старт,1,False
O0571,10,2026-09-06 16:25:37,8450.0,1,Backend про,1,False
O0572,310,2026-09-06 16:38:02,14950.0,2,AI агенты + ML про,1,False
O0573,528,2026-09-06 16:54:20,8950.0,1,ML про,1,False
O0574,97,2026-09-06 17:27:55,8950.0,1,Backend про,1,False
O0575,449,2026-09-06 17:28:24,8950.0,1,Алгоритмы старт,1,False
O0576,278,2026-09-06 17:31:06,14950.0,2,Аналитика про + Аналитика старт,1,False
O0577,300,2026-09-06 17:58:00,6950.0,1,Data Science,1,False
O0578,251,2026-09-06 18:05:45,9950.0,1,Мат анализ,1,False
O0579,347,2026-09-06 18:35:08,7475.0,1,Аналитика про,1,False
O0580,359,2026-09-06 18:40:33,7475.0,1,Аналитика старт,1,False
O0581,399,2026-09-06 19:02:33,8950.0,1,ML про,1,False
O0582,530,2026-09-06 19:09:38,8950.0,1,Аналитика про,1,False
O0583,396,2026-09-06 19:15:37,9950.0,1,Мат анализ,1,False
O0584,604,2026-09-06 19:17:57,8950.0,1,Аналитика старт,1,False
O0585,593,2026-09-06 19:53:15,9950.0,1,Мат анализ,1,False
O0586,454,2026-09-07 04:33:26,8950.0,1,ML про,1,False
O0587,63,2026-09-07 05:24:57,8950.0,1,Алгоритмы про,2,True
O0588,228,2026-09-07 07:42:35,8950.0,1,AI агенты,2,True
O0589,13,2026-09-07 07:54:24,8950.0,1,AI агенты,1,False
O0590,465,2026-09-07 08:21:23,4225.0,1,Алгоритмы,1,False
O0591,125,2026-09-07 08:46:37,8950.0,1,ML про,1,False
O0592,491,2026-09-07 09:04:54,8950.0,1,Аналитика про,1,False
O0593,100,2026-09-07 09:30:42,8950.0,1,Backend старт,1,False
O0594,110,2026-09-07 10:27:06,8950.0,1,AI агенты,1,False
O0595,119,2026-09-07 11:34:36,8950.0,1,Алгоритмы про,1,False
O0596,102,2026-09-07 12:59:48,12950.0,2,AI агенты + ML про,1,False
O0597,204,2026-09-07 13:39:13,8950.0,1,ML про,1,False
O0598,214,2026-09-07 14:02:50,8950.0,1,AI агенты,1,False
O0599,254,2026-09-07 14:53:39,14950.0,2,Алгоритмы про + Алгоритмы старт,1,False
O0600,246,2026-09-07 16:45:55,9950.0,1,Мат анализ,1,False
O0601,509,2026-09-07 16:51:31,18900.0,1,Теория вероятностей,1,False
O0602,72,2026-09-07 19:19:58,13950.0,2,AI агенты + ML про,1,False
O0603,78,2026-09-08 05:10:30,6950.0,1,Data Science,1,False
O0604,548,2026-09-08 12:45:32,13950.0,2,AI агенты + ML про,1,False
O0605,429,2026-09-08 13:04:06,9950.0,1,Мат анализ,1,False
O0606,499,2026-09-08 13:24:34,8950.0,1,Аналитика про,1,False
O0607,68,2026-09-08 17:53:12,15000.0,2,Алгоритмы про + Алгоритмы старт,1,False
O0608,456,2026-09-08 17:57:42,9950.0,1,Мат анализ,1,False
O0609,190,2026-09-09 02:52:43,9950.0,1,Мат анализ,1,False
O0610,80,2026-09-09 04:53:08,6975.0,1,ML про,1,False
O0611,108,2026-09-09 04:53:08,6975.0,1,AI агенты,1,False
O0612,358,2026-09-09 06:30:33,8450.0,1,Аналитика про,1,False
O0613,224,2026-09-09 08:55:28,8450.0,1,Аналитика про,1,False
O0614,438,2026-09-09 13:24:37,8950.0,1,Аналитика про,1,False
O0615,283,2026-09-09 13:34:09,14950.0,2,AI агенты + ML про,1,False
O0616,381,2026-09-09 14:46:43,8950.0,1,Аналитика старт,1,False
O0617,212,2026-09-09 15:03:44,14950.0,2,Алгоритмы про + Алгоритмы старт,1,False
O0618,567,2026-09-09 15:06:26,14950.0,2,AI агенты + Алгоритмы про,1,False
O0619,337,2026-09-09 15:41:19,7475.0,1,Алгоритмы про,1,False
O0620,349,2026-09-09 16:10:16,7475.0,1,Алгоритмы старт,1,False
O0621,123,2026-09-09 16:23:01,6450.0,1,Data Science,1,False
O0622,444,2026-09-09 16:46:07,14950.0,2,Алгоритмы про + Алгоритмы старт,1,False
O0623,36,2026-09-09 19:26:20,44750.0,5,Алгоритмы + Дискретка + Линейная алгебра + Мат анализ + Теория вероятностей,1,False
O0624,407,2026-09-09 23:11:20,8950.0,1,Линейная алгебра,1,False
O0625,196,2026-09-10 06:09:12,9950.0,1,Линейная алгебра,1,False
